TimeStamp,AF3_THETA,AF3_ALPHA,AF3_LOW_BETA,AF3_HIGH_BETA,AF3_GAMMA,F7_THETA,F7_ALPHA,F7_LOW_BETA,F7_HIGH_BETA,F7_GAMMA,F3_THETA,F3_ALPHA,F3_LOW_BETA,F3_HIGH_BETA,F3_GAMMA,FC5_THETA,FC5_ALPHA,FC5_LOW_BETA,FC5_HIGH_BETA,FC5_GAMMA,T7_THETA,T7_ALPHA,T7_LOW_BETA,T7_HIGH_BETA,T7_GAMMA,P7_THETA,P7_ALPHA,P7_LOW_BETA,P7_HIGH_BETA,P7_GAMMA,O1_THETA,O1_ALPHA,O1_LOW_BETA,O1_HIGH_BETA,O1_GAMMA,O2_THETA,O2_ALPHA,O2_LOW_BETA,O2_HIGH_BETA,O2_GAMMA,P8_THETA,P8_ALPHA,P8_LOW_BETA,P8_HIGH_BETA,P8_GAMMA,T8_THETA,T8_ALPHA,T8_LOW_BETA,T8_HIGH_BETA,T8_GAMMA,FC6_THETA,FC6_ALPHA,FC6_LOW_BETA,FC6_HIGH_BETA,FC6_GAMMA,F4_THETA,F4_ALPHA,F4_LOW_BETA,F4_HIGH_BETA,F4_GAMMA,F8_THETA,F8_ALPHA,F8_LOW_BETA,F8_HIGH_BETA,F8_GAMMA,AF4_THETA,AF4_ALPHA,AF4_LOW_BETA,AF4_HIGH_BETA,AF4_GAMMA,CQ_AF3,CQ_F7,CQ_F3,CQ_FC5,CQ_T7,CQ_P7,CQ_O1,CQ_O2,CQ_P8,CQ_T8,CQ_FC6,CQ_F4,CQ_F8,CQ_AF4
1545658522.405718,7.712007,4.310530,2.611558,0.747770,0.487765,10.767213,5.718842,2.980218,0.933406,0.507598,7.661910,3.651019,2.561603,0.686513,0.441327,9.169022,5.124465,2.161984,0.845366,0.555685,7.864991,3.622564,1.902260,0.607350,0.382082,9.101690,3.696944,2.011026,0.912695,0.482395,10.044769,4.539814,3.523554,1.541423,1.205043,6.758980,4.783939,1.337931,1.501288,0.906139,9.745607,5.058617,1.592743,1.654101,1.026819,8.164090,4.312715,1.612004,1.497281,1.278244,10.431405,5.234889,1.981862,0.698909,0.622095,7.422742,3.203663,1.992300,0.625970,0.396856,10.265119,5.071134,1.870740,0.756829,0.613422,10.400683,3.670519,2.458604,0.713239,0.424894,4,4,4,4,4,4,4,4,4,4,4,4,4,4
1545658522.532082,5.266223,3.731945,2.210679,0.670789,0.362302,7.073116,4.521907,2.720114,0.763616,0.418121,5.455876,3.506493,2.175971,0.622656,0.349456,6.125221,4.388644,1.832294,0.722344,0.454929,4.636073,3.133405,1.544430,0.526651,0.350420,4.957544,3.101397,1.390113,0.847403,0.459178,5.910862,4.004126,2.613025,1.514139,1.143714,4.082546,5.002758,1.235925,1.583093,0.914336,5.850084,4.998807,1.400918,1.633914,0.991926,4.829133,3.995488,1.585554,1.380555,1.153025,7.229716,4.792057,1.601940,0.668167,0.505629,5.061350,2.890019,1.715834,0.597380,0.328054,10.916990,4.474237,1.591205,0.743319,0.484650,7.388638,3.427450,2.147516,0.667570,0.351644,4,4,4,4,4,4,4,4,4,4,4,4,4,4
1545658522.658464,3.946474,3.169291,1.888320,0.656256,0.279518,4.859377,3.332270,2.460408,0.688845,0.371548,4.320640,3.330194,1.870739,0.609995,0.286275,4.442888,3.516543,1.596309,0.661663,0.371708,3.019486,2.586592,1.239801,0.463917,0.328444,3.000055,2.498217,0.953727,0.740545,0.441565,3.956726,3.427870,2.141612,1.434370,1.095294,3.054392,4.800874,1.380957,1.578737,0.955699,4.093445,4.710619,1.320017,1.581868,0.964300,3.299647,3.501183,1.627057,1.277001,1.020376,5.515979,4.292075,1.469456,0.691110,0.416906,3.902900,2.599671,1.566039,0.611010,0.286179,12.036418,3.823479,1.515513,0.774978,0.397672,5.604023,3.187311,1.974391,0.676817,0.302932,4,4,4,4,4,4,4,4,4,4,4,4,4,4
1545658522.784847,3.387901,2.637883,1.641475,0.668047,0.240777,3.781473,2.291655,2.155169,0.705051,0.353151,3.818617,3.063170,1.650859,0.618863,0.251817,3.632344,2.650924,1.425571,0.634750,0.313652,2.417220,2.049115,0.967149,0.422970,0.309353,2.385140,1.958345,0.661027,0.609541,0.424366,3.235471,2.881107,1.976327,1.311591,1.060970,2.992987,4.315297,1.717327,1.461486,1.003163,3.485918,4.276144,1.302490,1.481804,0.928056,2.743750,2.956728,1.667818,1.168085,0.890034,4.606557,3.720784,1.512832,0.728430,0.361388,3.372520,2.321623,1.516256,0.634633,0.270179,12.771956,3.208572,1.551387,0.807084,0.361360,4.610223,2.899810,1.902066,0.703411,0.278005,4,4,4,4,4,4,4,4,4,4,4,4,4,4
1545658522.911237,3.111640,2.169708,1.440604,0.675188,0.236308,3.261960,1.505048,1.795660,0.791667,0.351277,3.466497,2.678816,1.495227,0.619728,0.238442,3.127197,1.902746,1.278353,0.615373,0.280891,2.224694,1.582396,0.713464,0.402424,0.287294,2.240273,1.542793,0.467967,0.482138,0.402304,2.884399,2.417375,1.964924,1.185461,1.039322,3.250089,3.735320,2.151137,1.252436,1.029014,3.145982,3.776208,1.325957,1.331254,0.881444,2.418124,2.468435,1.665033,1.049826,0.781804,3.898880,3.094060,1.611714,0.750399,0.335103,2.920343,2.041869,1.508726,0.642295,0.274167,12.540800,2.718303,1.591384,0.810633,0.371914,3.968864,2.568877,1.861295,0.718301,0.270248,4,4,4,4,4,4,4,4,4,4,4,4,4,4
1545658523.037635,2.782347,1.839815,1.275308,0.665885,0.254139,2.779156,1.024396,1.431044,0.918422,0.366051,3.046011,2.239638,1.388765,0.599391,0.240040,2.571913,1.357911,1.151437,0.598680,0.270934,2.069789,1.231332,0.498659,0.399933,0.263040,2.094670,1.269996,0.362291,0.392296,0.374878,2.542213,2.065168,2.058518,1.113093,1.026139,3.457163,3.202518,2.601337,1.019812,1.022146,2.696737,3.280840,1.415021,1.152663,0.844608,2.002117,2.117198,1.646267,0.935344,0.723847,3.178105,2.525501,1.689756,0.746989,0.333488,2.361040,1.795926,1.504611,0.627097,0.294864,11.779522,2.430890,1.574304,0.784757,0.419471,3.368081,2.287699,1.813993,0.711929,0.275511,4,4,4,4,4,4,4,4,4,4,4,4,4,4
1545658523.164042,2.499098,1.737986,1.141354,0.643138,0.282090,2.323722,0.840789,1.135072,1.053445,0.399078,2.645204,1.890896,1.314762,0.561119,0.251581,2.008960,1.071802,1.054869,0.599214,0.277950,1.873132,1.034176,0.355293,0.414989,0.241499,1.880643,1.154694,0.339601,0.358247,0.344985,2.232761,1.861138,2.199133,1.111705,1.010384,3.593649,2.792364,2.960767,0.829129,0.985075,2.236309,2.858806,1.569915,0.973738,0.839456,1.580066,1.932708,1.644134,0.841072,0.731535,2.706985,2.170698,1.715674,0.727757,0.350735,1.887874,1.663883,1.477000,0.597139,0.329248,11.243110,2.351336,1.493293,0.747859,0.488295,2.923566,2.184574,1.740676,0.691207,0.293643,4,4,4,4,4,4,4,4,4,4,4,4,4,4
1545658523.290453,2.533817,1.898695,1.039819,0.624365,0.313762,2.172652,0.893146,0.953900,1.175245,0.449449,2.505053,1.765907,1.254249,0.525229,0.271992,1.785624,1.045305,0.999257,0.636360,0.297860,1.815524,0.991854,0.312500,0.452942,0.229990,1.797392,1.184566,0.381874,0.385610,0.320727,2.113581,1.832899,2.254886,1.161754,0.980536,3.759818,2.513814,3.107191,0.716771,0.930668,2.095536,2.552475,1.725926,0.831795,0.875493,1.483650,1.888812,1.659657,0.791458,0.796783,2.861953,2.099320,1.696645,0.722804,0.383704,1.743642,1.701074,1.415133,0.572129,0.374502,11.068741,2.403728,1.392632,0.735775,0.561282,2.960840,2.316475,1.636560,0.679445,0.329048,4,4,4,4,4,4,4,4,4,4,4,4,4,4
1545658523.416893,3.238455,2.299265,0.961516,0.629926,0.352886,2.697584,1.113020,0.878320,1.273575,0.516412,2.951612,1.936830,1.180769,0.514747,0.308834,2.292048,1.247725,0.973445,0.716481,0.335315,2.202884,1.086619,0.362516,0.523638,0.241124,2.227788,1.340745,0.451526,0.480760,0.319320,2.527198,2.028788,2.148112,1.252200,0.934951,4.177379,2.352179,2.970726,0.708718,0.883736,2.738530,2.387185,1.789038,0.792701,0.948213,2.193415,1.954196,1.651082,0.832132,0.895290,4.156320,2.306291,1.639184,0.767824,0.436474,2.294821,1.929332,1.307350,0.571509,0.431809,12.118368,2.641132,1.317370,0.783461,0.628795,3.850199,2.663080,1.492842,0.696408,0.388134,4,4,4,4,4,4,4,4,4,4,4,4,4,4
1545658523.543103,4.947393,2.855193,0.909668,0.677139,0.406726,4.085419,1.447106,0.873582,1.350257,0.597017,4.291301,2.366292,1.089516,0.546144,0.370606,3.781942,1.610741,0.964262,0.831998,0.396975,3.284148,1.282400,0.482915,0.634338,0.285192,3.593034,1.568355,0.527892,0.652326,0.356889,3.908532,2.449800,1.914610,1.391959,0.881145,5.184105,2.264348,2.585530,0.823938,0.869464,4.629401,2.346207,1.695637,0.930179,1.040016,4.176660,2.097779,1.574595,1.013782,0.995554,7.120520,2.717089,1.569002,0.893031,0.512769,3.874588,2.302992,1.162717,0.608804,0.502014,15.423080,3.161728,1.309652,0.916200,0.687411,5.964713,3.133492,1.324061,0.752374,0.470941,4,4,4,4,4,4,4,4,4,4,4,4,4,4
1545658523.669281,7.777394,3.475490,0.880292,0.770075,0.479036,6.350321,1.878601,0.903741,1.412956,0.683746,6.620140,2.954403,0.985833,0.620813,0.458189,6.280851,2.068539,0.962498,0.965144,0.484364,5.140234,1.551566,0.645349,0.782196,0.362308,6.066277,1.797512,0.607719,0.896355,0.437090,6.453567,2.988788,1.667867,1.595112,0.832483,6.946200,2.212655,2.062743,1.060203,0.902863,7.883834,2.418939,1.448834,1.275407,1.129050,7.516981,2.332971,1.415646,1.354826,1.071575,11.816657,3.275347,1.494473,1.099670,0.607885,6.517942,2.764437,0.998151,0.685411,0.581253,21.064015,4.054623,1.368821,1.136043,0.736787,9.341073,3.643898,1.149488,0.844851,0.567274,4,4,4,4,4,4,4,4,4,4,4,4,4,4
1545658523.795468,11.291826,4.119089,0.877045,0.894579,0.567889,9.120310,2.448633,0.954117,1.467212,0.766522,9.549484,3.616142,0.899163,0.723892,0.563785,9.349938,2.604651,0.980414,1.093981,0.593187,7.461357,1.885633,0.817289,0.954201,0.461045,9.241854,1.991492,0.703948,1.188770,0.547724,9.763268,3.482464,1.517896,1.860360,0.803361,9.183002,2.198444,1.536226,1.386800,0.981750,11.963979,2.634006,1.123022,1.779253,1.200373,11.658024,2.721916,1.202614,1.802797,1.112912,17.566423,3.986059,1.420118,1.350746,0.709867,9.830530,3.283424,0.847406,0.790180,0.661990,28.179195,5.304045,1.465198,1.407635,0.779737,13.497891,4.189435,1.006049,0.958361,0.662530,4,4,4,4,4,4,4,4,4,4,4,4,4,4
1545658523.921663,14.432476,4.795024,0.896991,1.024352,0.662874,11.623675,3.215413,1.036003,1.517087,0.834927,12.207547,4.306593,0.853111,0.833532,0.670615,12.094906,3.234872,1.031052,1.204751,0.710989,9.582621,2.261719,0.955684,1.130293,0.560540,12.165753,2.152297,0.822564,1.479033,0.662925,12.863822,3.819518,1.556444,2.143822,0.801146,11.166816,2.295667,1.134531,1.744960,1.085749,15.682308,3.071112,0.835234,2.311524,1.247992,15.445940,3.358711,1.000206,2.243818,1.122414,22.817145,4.881623,1.330981,1.589741,0.802734,12.890218,3.860517,0.742553,0.911088,0.733487,34.717564,6.834586,1.540228,1.674397,0.819492,17.254316,4.820100,0.920444,1.076246,0.742406,4,4,4,4,4,4,4,4,4,4,4,4,4,4
1545658524.047866,16.333649,5.405041,0.921474,1.126436,0.749922,13.370041,4.132665,1.164161,1.559416,0.883437,13.892400,4.880423,0.846306,0.923566,0.759697,13.920402,3.892723,1.110881,1.291070,0.820651,11.113626,2.606282,1.033371,1.284386,0.637644,14.198569,2.265986,0.951997,1.697886,0.752777,15.033351,3.900139,1.796874,2.367922,0.817908,12.380964,2.479984,0.902480,2.055450,1.183721,18.032019,3.676513,0.677637,2.704997,1.276043,17.804618,4.207378,0.874040,2.539640,1.114731,26.116950,5.815498,1.208587,1.755008,0.877241,14.844149,4.388384,0.695950,1.028658,0.787897,38.584831,8.388477,1.550619,1.872085,0.860694,19.552762,5.444712,0.890535,1.179072,0.799672,4,4,4,4,4,4,4,4,4,4,4,4,4,4
1545658524.174082,16.830239,5.864531,0.961809,1.181846,0.822317,14.460655,5.105568,1.368399,1.588939,0.915728,14.503564,5.234335,0.890691,0.985125,0.821958,14.887378,4.513716,1.235609,1.360327,0.909939,12.197287,2.892777,1.080895,1.399388,0.680127,15.382982,2.341511,1.080618,1.788311,0.800316,16.222514,3.691720,2.158867,2.455449,0.837126,12.870988,2.647627,0.828110,2.254362,1.255134,18.846131,4.305961,0.683458,2.842162,1.305278,18.416883,5.139655,0.865296,2.601476,1.118473,26.949342,6.591096,1.071449,1.814979,0.940514,15.431019,4.775653,0.725421,1.127061,0.828929,39.301101,9.613780,1.510054,1.960922,0.912341,20.134693,5.938665,0.917632,1.254078,0.839781,4,4,4,4,4,4,4,4,4,4,4,4,4,4
1545658524.300305,16.513040,6.216824,1.049801,1.198084,0.888570,15.553649,6.085087,1.678683,1.604766,0.946887,14.616106,5.427798,1.000078,1.035420,0.865589,15.640778,5.116339,1.432625,1.431850,0.978813,13.430336,3.231802,1.168356,1.476152,0.696731,16.481224,2.533470,1.209292,1.741445,0.813228,17.124007,3.390970,2.519580,2.390122,0.848344,13.191559,2.797613,0.876804,2.331771,1.300837,18.949026,4.917170,0.820026,2.718403,1.370352,17.985381,6.085288,0.980419,2.440287,1.169581,26.071939,7.177855,0.973300,1.783748,1.017266,15.131075,5.062794,0.842272,1.203661,0.873943,38.538480,10.381074,1.479145,1.944519,0.991387,19.610530,6.308499,1.001526,1.304011,0.880739,4,4,4,4,4,4,4,4,4,4,4,4,4,4
1545658524.426536,16.747935,6.531784,1.191485,1.226983,0.973028,17.983605,7.048371,2.079900,1.638202,1.005570,15.517644,5.573274,1.150958,1.123602,0.917306,17.458925,5.753778,1.693712,1.551646,1.045798,15.868951,3.789958,1.338029,1.547291,0.718871,18.961055,3.046318,1.330930,1.626059,0.828736,19.060689,3.323054,2.806104,2.257733,0.862096,14.318783,2.968873,1.017848,2.356824,1.341980,19.943595,5.476165,1.019437,2.470367,1.506758,18.046384,6.968015,1.173688,2.184640,1.301088,25.343161,7.608156,0.948957,1.729995,1.142065,15.275722,5.327963,1.017387,1.283649,0.949777,39.811760,10.551022,1.504133,1.883162,1.124128,19.472025,6.611535,1.119489,1.365374,0.948429,4,4,4,4,4,4,4,4,4,4,4,4,4,4
1545658524.552775,19.191650,6.920268,1.384118,1.327062,1.096348,23.278736,8.021088,2.525664,1.730649,1.116792,18.760717,5.818297,1.319774,1.292796,1.003976,21.818363,6.503113,1.986763,1.759018,1.134142,20.664484,4.709673,1.586747,1.650926,0.780786,24.456761,4.029872,1.440802,1.547822,0.888394,23.577341,3.785162,2.999180,2.201402,0.901604,17.484020,3.257501,1.201218,2.427338,1.396951,23.735520,6.026429,1.229538,2.290030,1.717724,20.403480,7.769857,1.389648,2.008519,1.515335,26.990457,8.020352,1.039194,1.734369,1.331662,17.529695,5.690732,1.223770,1.395565,1.072377,46.323202,10.159960,1.633318,1.857932,1.324787,21.410515,6.979463,1.271959,1.482070,1.057899,4,4,4,4,4,4,4,4,4,4,4,4,4,4
1545658524.679024,24.917366,7.386683,1.569526,1.516838,1.254178,32.063186,8.911686,2.896144,1.891207,1.279229,25.268641,6.188106,1.447361,1.538728,1.129660,29.401467,7.303857,2.214944,2.049335,1.249597,28.240065,5.941896,1.841592,1.798633,0.893648,33.585925,5.435483,1.523194,1.580065,1.007361,31.367098,4.838769,3.104488,2.317539,0.983327,23.249464,3.714357,1.392094,2.588964,1.462864,31.364766,6.560034,1.447315,2.303272,1.958700,26.069007,8.412989,1.591437,2.023925,1.770284,32.590826,8.473446,1.217322,1.831048,1.563535,23.007427,6.158496,1.399650,1.541811,1.228773,58.516526,9.328665,1.863964,1.916736,1.575405,26.685293,7.439621,1.420205,1.664490,1.197360,4,4,4,4,4,4,4,4,4,4,4,4,4,4
1545658524.805280,33.314646,7.769150,1.694374,1.758561,1.409583,43.146699,9.501160,3.113559,2.079254,1.456762,34.269470,6.561667,1.499795,1.804090,1.264526,39.265873,7.952833,2.302450,2.362037,1.369240,37.531569,7.185559,2.022832,1.962946,1.033140,44.977217,6.941159,1.562071,1.721376,1.160223,41.357293,6.219194,3.134056,2.598572,1.100306,30.843749,4.276862,1.580759,2.805048,1.512802,41.861634,6.976890,1.713119,2.502570,2.148512,34.273147,8.757891,1.794704,2.217540,1.987075,41.533445,8.841176,1.436285,1.987205,1.776940,31.133552,6.602934,1.504990,1.690669,1.374598,73.520671,8.309467,2.169704,2.042816,1.822648,34.681107,7.847839,1.542459,1.873780,1.326410,4,4,4,4,4,4,4,4,4,4,4,4,4,4
1545658524.931547,42.092522,7.815056,1.724113,1.970189,1.505772,53.611806,9.556009,3.152188,2.210272,1.589339,43.364452,6.705393,1.473874,2.000065,1.355593,48.833694,8.207130,2.221819,2.600782,1.447965,46.077058,8.016985,2.078951,2.079384,1.147646,55.487701,8.051341,1.542204,1.890584,1.291787,50.763138,7.406420,3.083935,2.922770,1.221376,38.111440,4.761388,1.794289,2.972122,1.510344,52.262983,7.097267,2.104722,2.754542,2.205940,42.614312,8.638850,2.056849,2.462877,2.084649,51.180095,8.861688,1.674852,2.116788,1.896724,39.731628,6.783971,1.538310,1.785149,1.451159,87.732361,7.209658,2.527828,2.160774,1.993817,43.208639,7.949002,1.635600,2.032573,1.392890,4,4,4,4,4,4,4,4,4,4,4,4,4,4
1545658525.057823,48.145297,7.331893,1.671221,2.064198,1.495400,59.829507,8.893146,3.037774,2.196493,1.623071,49.439150,6.417664,1.411210,2.049284,1.354217,54.835566,7.868616,2.010755,2.678619,1.443693,51.018597,8.063064,2.006665,2.077052,1.186274,61.483801,8.327122,1.457722,1.972668,1.347244,56.249739,7.907103,2.923890,3.108560,1.305220,42.457557,4.987998,2.043942,2.974480,1.428901,58.828672,6.795359,2.661265,2.879399,2.086701,47.971975,7.975600,2.420866,2.597485,2.015617,57.926914,8.337189,1.946486,2.127511,1.869360,45.834427,6.519547,1.541164,1.771381,1.415167,97.891866,6.285323,2.935900,2.173904,2.028557,49.170741,7.538260,1.720932,2.062671,1.360136,4,4,4,4,4,4,4,4,4,4,4,4,4,4
1545658525.184104,48.899632,6.326754,1.571055,1.994248,1.366874,59.180221,7.559591,2.812816,1.998954,1.538020,50.009326,5.662923,1.358184,1.927521,1.242842,54.732644,6.940623,1.729988,2.566159,1.344872,50.240042,7.224500,1.833513,1.920654,1.129105,60.374061,7.627461,1.310140,1.889574,1.302305,55.371120,7.521345,2.633180,3.021110,1.320260,42.042697,4.853383,2.292268,2.751999,1.269137,58.744394,6.054600,3.308512,2.760516,1.807726,47.986038,6.839254,2.846954,2.525027,1.787641,58.799146,7.277202,2.253759,1.978463,1.689336,47.012825,5.782441,1.549627,1.632158,1.262290,101.564703,5.816054,3.371761,2.028833,1.907545,50.114119,6.604581,1.811108,1.928436,1.226266,4,4,4,4,4,4,4,4,4,4,4,4,4,4
1545658525.310392,43.518590,4.919714,1.462815,1.780438,1.150801,51.112500,5.735637,2.532605,1.655292,1.357976,44.364362,4.525157,1.335419,1.674936,1.044254,47.868141,5.553694,1.447766,2.311111,1.181227,43.442414,5.708558,1.616871,1.635542,0.997570,51.860067,6.098244,1.110523,1.644958,1.173958,47.805380,6.348352,2.242363,2.652042,1.258453,36.583501,4.354867,2.475911,2.339321,1.062954,51.374684,4.912309,3.871689,2.404351,1.446568,42.048050,5.353099,3.214901,2.258713,1.465239,52.746238,5.770002,2.547341,1.698928,1.403863,42.349242,4.643717,1.564659,1.398360,1.030695,97.697059,5.797471,3.770621,1.744009,1.663499,45.008810,5.236358,1.886047,1.655282,1.025443,4,4,4,4,4,4,4,4,4,4,4,4,4,4
1545658525.436688,33.562985,3.417457,1.349013,1.496971,0.903436,37.998407,3.826720,2.232310,1.262526,1.137579,34.153431,3.258011,1.312208,1.378959,0.810815,36.149942,4.014077,1.213562,2.015288,1.012133,32.490465,3.976045,1.412919,1.295520,0.841380,38.372213,4.209290,0.888880,1.318490,1.005060,35.709399,4.827076,1.810392,2.117848,1.143311,27.642981,3.681568,2.523577,1.838009,0.857722,38.828051,3.627412,4.146736,1.913835,1.109689,31.842457,3.815021,3.378539,1.890278,1.140121,41.467137,4.160297,2.719736,1.367345,1.089185,33.255758,3.355640,1.534923,1.136203,0.782302,87.651402,6.113827,4.003492,1.394776,1.364403,35.342060,3.739233,1.882757,1.321614,0.810293,4,4,4,4,4,4,4,4,4,4,4,4,4,4
1545658525.562992,22.067907,2.141395,1.218772,1.238311,0.681395,24.047315,2.222121,1.924066,0.930022,0.934973,22.470563,2.152789,1.251451,1.142352,0.600985,23.079945,2.619645,1.046642,1.780617,0.896981,20.544470,2.484635,1.231124,0.984013,0.711527,23.853551,2.524783,0.675580,1.016494,0.841363,22.593128,3.519397,1.393624,1.591424,1.017777,17.805377,3.136762,2.376022,1.363323,0.691900,24.866646,2.594208,3.994062,1.426654,0.880460,20.458426,2.590060,3.249631,1.531700,0.886774,28.337999,2.867683,2.672284,1.073782,0.816742,22.559266,2.217935,1.412469,0.923238,0.574624,74.504489,6.429974,3.966733,1.076005,1.082814,23.954249,2.474698,1.756592,1.027224,0.628143,4,4,4,4,4,4,4,4,4,4,4,4,4,4
1545658525.689306,12.030812,1.381647,1.089171,1.091477,0.524082,12.770172,1.233185,1.649995,0.740997,0.789299,12.335276,1.513538,1.157223,1.052104,0.459586,11.982523,1.643869,0.961060,1.678521,0.872837,10.594319,1.577583,1.066917,0.762087,0.639361,11.969808,1.561247,0.517834,0.820634,0.712980,11.756751,2.952990,1.070691,1.209490,0.922487,9.543242,3.033551,2.044381,1.004832,0.582601,13.098656,2.212531,3.444520,1.057957,0.786998,10.821751,2.000112,2.884418,1.264233,0.736598,16.745984,2.300051,2.410681,0.892606,0.629539,13.071675,1.548183,1.216065,0.829593,0.442384,61.499904,6.742950,3.633377,0.871316,0.871875,13.739178,1.770872,1.539316,0.859668,0.507274,4,4,4,4,4,4,4,4,4,4,4,4,4,4
1545658525.815626,5.406486,1.196284,0.989419,1.091158,0.438494,6.284041,0.908594,1.457451,0.710252,0.703596,5.693063,1.447342,1.059177,1.136150,0.397659,4.947807,1.172918,0.948135,1.716444,0.929488,4.345323,1.329465,0.911124,0.642657,0.621395,4.708347,1.543682,0.451353,0.750882,0.623712,5.045934,3.386026,0.897737,1.011303,0.874236,4.303133,3.491958,1.590182,0.792821,0.523554,5.636646,2.618453,2.669541,0.858450,0.794296,4.712344,2.115006,2.441706,1.110824,0.672162,8.966330,2.517398,2.044147,0.849899,0.528249,6.716561,1.444177,1.017638,0.881226,0.385340,51.122749,7.111329,3.109609,0.814539,0.743421,6.792402,1.685436,1.312837,0.851341,0.446156,4,4,4,4,4,4,4,4,4,4,4,4,4,4
1545658525.941953,2.460881,1.433678,0.944937,1.211831,0.408030,4.070728,1.089637,1.367463,0.795379,0.656701,2.800403,1.856326,0.991087,1.354293,0.396579,2.049006,1.123258,0.978399,1.846549,1.019213,1.853983,1.584205,0.771201,0.600489,0.630743,2.001304,2.324285,0.492245,0.771294,0.558716,2.494441,4.684352,0.894286,0.952493,0.860604,2.200878,4.388753,1.117394,0.715834,0.496028,2.644551,3.619505,1.902174,0.823145,0.835361,2.205825,2.746039,2.086502,1.051635,0.652702,5.369376,3.246051,1.730173,0.923220,0.486129,3.806154,1.783103,0.901472,1.050566,0.379125,44.218474,7.630899,2.578495,0.890242,0.678822,3.472691,2.023642,1.163948,0.970128,0.423716,4,4,4,4,4,4,4,4,4,4,4,4,4,4
1545658526.068288,1.778044,1.831805,0.966878,1.387593,0.408511,3.991300,1.524000,1.360131,0.938071,0.623763,2.237741,2.491413,0.976358,1.621632,0.424625,1.565401,1.302815,1.017303,1.999894,1.082800,1.494344,2.076190,0.664054,0.606666,0.637501,1.813866,3.531811,0.616262,0.828479,0.499263,2.295068,6.454742,1.016077,0.956434,0.850914,1.994164,5.443144,0.738146,0.748225,0.486440,2.338123,4.792189,1.341821,0.915458,0.853800,1.876700,3.507768,1.905665,1.054138,0.642051,4.443319,4.037050,1.586984,1.064724,0.470350,3.123190,2.286239,0.914657,1.273878,0.393443,39.565873,8.209037,2.204283,1.053843,0.647060,2.582946,2.456186,1.139747,1.145135,0.415727,4,4,4,4,4,4,4,4,4,4,4,4,4,4
1545658526.194629,1.734392,2.185756,1.043201,1.540827,0.422481,3.974245,1.999859,1.381345,1.094929,0.591744,2.300132,3.086898,1.014308,1.843209,0.457104,1.602385,1.554388,1.043117,2.110540,1.082316,1.577996,2.573896,0.593182,0.645418,0.626087,2.076214,4.734583,0.767543,0.885086,0.437428,2.569691,8.141064,1.178043,0.971365,0.820745,2.265781,6.294088,0.519822,0.860347,0.490036,2.698444,5.689877,1.071406,1.084885,0.823141,2.091317,4.054560,1.873580,1.094934,0.618181,4.318707,4.525643,1.631103,1.213452,0.457502,3.068312,2.696747,1.036450,1.476117,0.407818,35.473079,8.539521,2.051160,1.242701,0.623606,2.509530,2.744958,1.223181,1.298790,0.409992,4,4,4,4,4,4,4,4,4,4,4,4,4,4
1545658526.320979,1.611354,2.435141,1.157578,1.612440,0.445101,3.538779,2.415762,1.380644,1.243993,0.567758,2.197046,3.480914,1.086274,1.945074,0.484550,1.479097,1.800621,1.047151,2.134811,1.021298,1.517450,2.933172,0.542513,0.711544,0.602010,2.054252,5.534048,0.871988,0.928896,0.383625,2.598887,9.198094,1.283962,0.986529,0.769836,2.435285,6.667005,0.450710,1.012116,0.508661,2.840784,6.029115,1.039232,1.269742,0.749350,2.107409,4.223433,1.883515,1.154340,0.577380,3.989568,4.568632,1.795444,1.315806,0.441864,2.832645,2.890426,1.204180,1.594973,0.416766,31.183722,8.506611,2.088736,1.396738,0.602603,2.415470,2.826601,1.358698,1.375634,0.409705,4,4,4,4,4,4,4,4,4,4,4,4,4,4
1545658526.447336,1.398395,2.528509,1.292099,1.568359,0.474769,2.994262,2.686878,1.338359,1.361463,0.562807,1.951386,3.556033,1.169276,1.882689,0.504368,1.345852,1.938225,1.030884,2.051033,0.933689,1.414235,3.049127,0.518943,0.790010,0.579026,1.889440,5.682355,0.908031,0.951966,0.351592,2.465084,9.274771,1.303212,0.999605,0.715733,2.458190,6.439972,0.491915,1.145173,0.542805,2.724173,5.746245,1.142926,1.402356,0.656156,1.946827,3.965510,1.838438,1.202890,0.524903,3.440532,4.164422,1.979990,1.332919,0.426152,2.402107,2.802620,1.352613,1.586279,0.420003,26.921270,7.909569,2.220218,1.471728,0.585925,2.219992,2.683329,1.481379,1.346302,0.419983,4,4,4,4,4,4,4,4,4,4,4,4,4,4
1545658526.573700,1.134075,2.470379,1.413234,1.418352,0.508488,2.408876,2.778626,1.246328,1.421297,0.578341,1.631490,3.300066,1.226209,1.663839,0.517143,1.164514,1.928396,0.991116,1.866389,0.859868,1.268365,2.900439,0.513975,0.850214,0.565655,1.603322,5.136219,0.868443,0.942408,0.346924,2.175153,8.298523,1.233516,1.008196,0.678086,2.266093,5.652832,0.581929,1.204240,0.588012,2.337548,4.945628,1.258838,1.441389,0.571150,1.602765,3.349070,1.682875,1.214418,0.470763,2.712330,3.450650,2.074104,1.254529,0.416710,1.854331,2.466291,1.423922,1.444126,0.419202,22.486163,6.714585,2.315954,1.448603,0.576599,1.931264,2.379204,1.530503,1.218008,0.441468,4,4,4,4,4,4,4,4,4,4,4,4,4,4
1545658526.700072,0.890466,2.336941,1.504118,1.211117,0.540652,2.038223,2.741783,1.118677,1.407316,0.606600,1.397078,2.847530,1.246235,1.348562,0.524671,1.113110,1.830364,0.933693,1.615114,0.824770,1.229670,2.570748,0.523422,0.857759,0.561411,1.414354,4.107129,0.777981,0.889086,0.364798,1.900939,6.603877,1.118124,1.009587,0.667654,1.924936,4.546959,0.686439,1.166182,0.633971,1.837676,3.906701,1.327428,1.391081,0.514910,1.248775,2.580170,1.450067,1.181583,0.426736,1.971468,2.681438,2.045818,1.102647,0.417909,1.343795,2.037019,1.415304,1.205798,0.416264,17.897255,5.173740,2.299762,1.335404,0.576025,1.568806,2.060505,1.503111,1.029093,0.468907,4,4,4,4,4,4,4,4,4,4,4,4,4,4
1545658526.826449,0.738488,2.195621,1.555697,1.012611,0.564243,1.877716,2.635135,0.983715,1.327265,0.636544,1.352294,2.361412,1.223667,1.026544,0.530392,1.149748,1.711407,0.859889,1.349722,0.827559,1.255278,2.184392,0.551432,0.796636,0.559429,1.343020,2.951224,0.690548,0.791729,0.393757,1.714901,4.790094,1.024792,1.003110,0.681538,1.514666,3.480415,0.783442,1.046716,0.667945,1.388438,2.958218,1.340743,1.287417,0.494835,0.995000,1.884568,1.216928,1.114067,0.402246,1.385786,2.071442,1.943668,0.924307,0.429645,1.018822,1.663509,1.355236,0.937371,0.412955,13.536508,3.719218,2.186419,1.165434,0.582364,1.234442,1.835752,1.433820,0.833953,0.493874,4,4,4,4,4,4,4,4,4,4,4,4,4,4
1545658526.952832,0.697914,2.064255,1.563730,0.874989,0.574686,1.997534,2.482829,0.857754,1.217769,0.664427,1.476851,1.953962,1.158960,0.778909,0.540721,1.375040,1.607745,0.773510,1.120139,0.848739,1.424400,1.850607,0.596530,0.681150,0.557489,1.524771,2.021198,0.657945,0.664680,0.422994,1.758978,3.452596,1.009740,0.991910,0.705332,1.247947,2.731715,0.857829,0.889552,0.678636,1.250393,2.316919,1.308445,1.173176,0.503953,1.011309,1.405849,1.049562,1.029066,0.397741,1.083034,1.695788,1.836512,0.764964,0.450105,0.895543,1.410447,1.281963,0.705955,0.412143,10.144033,2.759915,2.030329,0.981126,0.593847,0.959308,1.716624,1.367338,0.678053,0.510516,4,4,4,4,4,4,4,4,4,4,4,4,4,4
1545658527.079225,0.808645,1.905128,1.525442,0.820991,0.572200,2.310386,2.271793,0.749340,1.134259,0.694999,1.730005,1.649079,1.057494,0.648143,0.561549,1.748238,1.512577,0.686447,0.961269,0.864463,1.628038,1.630673,0.641308,0.551661,0.561038,1.864211,1.524225,0.691572,0.537217,0.446191,1.989992,2.936950,1.075051,0.983930,0.722311,1.213498,2.391032,0.897125,0.748410,0.662490,1.526219,2.005696,1.243372,1.092012,0.529096,1.347964,1.159232,0.964319,0.956400,0.407734,1.166914,1.475770,1.766122,0.662452,0.478839,0.977966,1.239363,1.222617,0.563796,0.417937,8.032015,2.365853,1.875762,0.825903,0.610386,0.887349,1.622360,1.326562,0.591855,0.519030,4,4,4,4,4,4,4,4,4,4,4,4,4,4
1545658527.205624,1.023779,1.695695,1.446500,0.841195,0.559856,2.794020,1.994696,0.664815,1.124324,0.734594,1.955474,1.421507,0.940136,0.628055,0.592909,2.222052,1.402215,0.616894,0.885601,0.860685,1.863411,1.535793,0.667528,0.455094,0.575176,2.300307,1.466060,0.764637,0.443254,0.461090,2.354541,3.221078,1.181960,0.992266,0.726268,1.436715,2.374183,0.893997,0.671323,0.624555,2.170886,1.907945,1.154632,1.089713,0.556696,1.949454,1.076968,0.934118,0.940893,0.425784,1.567261,1.299174,1.732193,0.646990,0.513884,1.145234,1.086856,1.188834,0.536368,0.430609,6.810896,2.385697,1.734596,0.737756,0.630597,1.017541,1.482053,1.310139,0.588963,0.521709,4,4,4,4,4,4,4,4,4,4,4,4,4,4
1545658527.332029,1.368392,1.456573,1.334632,0.904400,0.543607,3.419146,1.677443,0.609191,1.197378,0.781909,2.149764,1.235777,0.825805,0.679415,0.628815,2.739401,1.270855,0.569209,0.878477,0.840923,2.058438,1.545919,0.651208,0.418539,0.598111,2.664256,1.704200,0.819103,0.401753,0.467605,2.682599,3.973293,1.269042,1.023555,0.724034,1.792748,2.489692,0.858412,0.684063,0.575933,2.942564,1.875760,1.058716,1.198491,0.577953,2.629091,1.082438,0.924611,1.017232,0.447982,2.185038,1.113329,1.705673,0.730097,0.548670,1.383745,0.919193,1.173255,0.616246,0.445617,6.058469,2.613166,1.598386,0.732961,0.649116,1.418649,1.283207,1.297313,0.661455,0.519948,4,4,4,4,4,4,4,4,4,4,4,4,4,4
1545658527.458472,1.744091,1.253000,1.200750,0.973317,0.529883,4.173948,1.413559,0.589055,1.320545,0.822886,2.242210,1.088113,0.737633,0.756020,0.659155,3.201572,1.172649,0.545447,0.906108,0.819666,2.254057,1.650267,0.588203,0.439716,0.620110,2.906017,2.043901,0.813736,0.411423,0.467889,2.891107,4.741236,1.295385,1.075365,0.730930,2.148406,2.539504,0.799496,0.779212,0.531693,3.628577,1.799708,0.960384,1.414027,0.591464,3.219146,1.114026,0.896392,1.183737,0.475980,2.835168,0.933402,1.644769,0.893132,0.574638,1.622707,0.749994,1.159497,0.763973,0.454542,5.501561,2.906556,1.454818,0.797635,0.658859,1.962628,1.073958,1.258932,0.781142,0.512903,4,4,4,4,4,4,4,4,4,4,4,4,4,4
1545658527.584945,2.125874,1.158523,1.077001,1.025710,0.522378,5.001410,1.315410,0.631455,1.440862,0.836865,2.333999,1.008295,0.712525,0.830442,0.673535,3.576732,1.186278,0.552897,0.938756,0.811861,2.473762,1.832724,0.514143,0.495047,0.628801,2.977330,2.321732,0.757416,0.455732,0.467125,2.934982,5.175927,1.258829,1.128720,0.764924,2.357196,2.426594,0.739347,0.916231,0.507086,4.007246,1.655278,0.882111,1.679809,0.602771,3.540471,1.151034,0.848012,1.393238,0.513913,3.397940,0.816456,1.556599,1.089408,0.584720,1.897624,0.627234,1.154473,0.926805,0.448591,5.384981,3.194957,1.338665,0.894773,0.654540,2.564078,0.929623,1.202589,0.912271,0.498047,4,4,4,4,4,4,4,4,4,4,4,4,4,4
1545658527.711422,2.448097,1.204700,0.998715,1.052794,0.520767,5.805387,1.430637,0.750116,1.518880,0.811588,2.450680,1.002809,0.780888,0.892280,0.666675,3.855898,1.345295,0.597556,0.959371,0.823226,2.783688,2.057705,0.476501,0.561710,0.616104,2.967484,2.450388,0.693896,0.518230,0.471822,2.900566,5.158422,1.195612,1.165273,0.837640,2.408439,2.206001,0.720837,1.046512,0.510625,4.080600,1.498460,0.856346,1.916291,0.618978,3.602850,1.213719,0.799471,1.577203,0.562390,3.798135,0.810772,1.484960,1.259912,0.577279,2.174159,0.589645,1.182253,1.054052,0.425148,5.950690,3.421741,1.331608,0.985077,0.636055,3.091194,0.903591,1.166441,1.019839,0.473895,4,4,4,4,4,4,4,4,4,4,4,4,4,4
1545658527.837913,2.705548,1.375139,0.979015,1.055562,0.520120,6.450331,1.752824,0.928810,1.539939,0.751155,2.637510,1.051908,0.934713,0.941486,0.639403,4.052910,1.635215,0.679246,0.960084,0.845317,3.141631,2.280619,0.502958,0.627340,0.583324,2.885816,2.418818,0.665586,0.584201,0.485910,2.798106,4.775891,1.141523,1.174619,0.942934,2.285441,2.011688,0.785116,1.135060,0.541990,3.845735,1.430478,0.922574,2.053459,0.646605,3.397090,1.348745,0.795431,1.676383,0.617713,4.005554,0.933651,1.479397,1.350511,0.556263,2.437937,0.651118,1.254960,1.112810,0.388863,7.146040,3.528654,1.501321,1.042582,0.609244,3.509473,1.013802,1.187466,1.081281,0.441172,4,4,4,4,4,4,4,4,4,4,4,4,4,4
1545658527.964411,2.908060,1.663136,1.043241,1.046756,0.514511,6.793430,2.279259,1.161302,1.515963,0.674026,2.882862,1.159023,1.151949,0.988445,0.598925,4.194391,2.042893,0.808707,0.946458,0.860959,3.499580,2.500200,0.607713,0.690011,0.541708,2.827694,2.315023,0.710905,0.642334,0.507452,2.742219,4.276576,1.150153,1.154402,1.055334,2.128149,1.999526,0.979623,1.164189,0.590473,3.491496,1.583831,1.155648,2.055820,0.686566,3.068761,1.618881,0.915817,1.666274,0.671828,4.078420,1.221868,1.592955,1.339153,0.529505,2.646875,0.836123,1.394743,1.106321,0.350755,8.698070,3.545479,1.896318,1.065840,0.583687,3.830581,1.282604,1.302638,1.098485,0.405859,4,4,4,4,4,4,4,4,4,4,4,4,4,4
1545658528.090915,3.062321,2.103171,1.195448,1.040502,0.499883,6.754646,3.027533,1.420188,1.462817,0.601854,3.154044,1.378921,1.384592,1.041217,0.554647,4.286837,2.577153,0.975847,0.927240,0.854573,3.745487,2.746018,0.769066,0.746696,0.507260,2.801215,2.270346,0.828583,0.683537,0.528253,2.739848,3.936100,1.239064,1.107534,1.138147,2.046045,2.267823,1.301563,1.131950,0.639401,3.199080,2.058527,1.580243,1.932302,0.731123,2.749379,2.070657,1.201159,1.563552,0.714376,4.087511,1.752598,1.825642,1.241118,0.504771,2.771714,1.199829,1.599666,1.064561,0.322155,10.130616,3.584880,2.465778,1.069460,0.568127,4.077221,1.757863,1.505079,1.088390,0.376725,4,4,4,4,4,4,4,4,4,4,4,4,4,4
1545658528.217424,3.171427,2.684601,1.405696,1.046934,0.475561,6.389081,3.940672,1.657266,1.390509,0.548716,3.413597,1.735947,1.570100,1.103165,0.513490,4.350987,3.210278,1.150236,0.914601,0.819382,3.802082,3.016467,0.942199,0.790503,0.493009,2.824050,2.345241,0.977462,0.704580,0.536890,2.834625,3.858695,1.373693,1.044501,1.159288,2.212097,2.752096,1.683266,1.050327,0.671683,3.210978,2.791788,2.117962,1.727708,0.764661,2.629968,2.647061,1.604042,1.413434,0.736515,4.155401,2.522442,2.114050,1.100690,0.486772,2.823214,1.747561,1.827565,1.027177,0.309021,11.295326,3.768781,3.063010,1.069081,0.567012,4.286262,2.426354,1.739752,1.074201,0.360477,4,4,4,4,4,4,4,4,4,4,4,4,4,4
1545658528.343939,3.237269,3.329241,1.602021,1.073387,0.445598,5.811683,4.873286,1.815754,1.312386,0.517533,3.605783,2.192414,1.647777,1.180888,0.479085,4.369497,3.866615,1.276900,0.927943,0.758681,3.681120,3.279295,1.066636,0.816606,0.501394,2.940636,2.516382,1.087626,0.711372,0.523190,3.073523,3.959722,1.481933,0.976696,1.103748,2.726270,3.262721,1.995372,0.938748,0.677592,3.692929,3.584200,2.591437,1.496996,0.770943,2.823470,3.207928,1.987200,1.263963,0.735415,4.340734,3.428930,2.337914,0.971386,0.476299,2.817299,2.403157,1.998898,1.024024,0.310268,12.564630,4.130517,3.483864,1.071154,0.579058,4.422650,3.189929,1.915268,1.078032,0.359010,4,4,4,4,4,4,4,4,4,4,4,4,4,4
1545658528.470462,3.274956,3.878548,1.698904,1.119287,0.414589,5.182028,5.624633,1.845599,1.236482,0.499835,3.719598,2.626360,1.589133,1.282136,0.449588,4.340522,4.418997,1.303582,0.978963,0.681729,3.442247,3.456808,1.095257,0.823718,0.521662,3.160238,2.683187,1.099008,0.718602,0.483640,3.437495,4.037378,1.491920,0.922145,0.985113,3.521099,3.575183,2.113626,0.823057,0.658895,4.580604,4.171923,2.821293,1.291078,0.743352,3.286402,3.582109,2.205255,1.150976,0.718531,4.628353,4.262983,2.386681,0.891904,0.470675,2.791463,2.997760,2.035155,1.061535,0.317798,14.357445,4.604233,3.591117,1.074706,0.598691,4.449855,3.854905,1.954450,1.110207,0.367975,4,4,4,4,4,4,4,4,4,4,4,4,4,4
1545658528.596990,3.264647,4.133065,1.640383,1.175594,0.386536,4.558903,6.011727,1.730471,1.167035,0.485379,3.688242,2.870673,1.418672,1.404672,0.420273,4.196165,4.720775,1.216112,1.062679,0.600531,3.154049,3.459995,1.019051,0.817720,0.538675,3.431985,2.723695,1.005730,0.748373,0.426304,3.826216,3.888037,1.379369,0.905175,0.841552,4.378155,3.538016,1.982276,0.739452,0.629315,5.579021,4.345051,2.724434,1.147739,0.691769,3.806368,3.635227,2.177148,1.090181,0.701049,4.854157,4.761718,2.219341,0.876379,0.466423,2.710250,3.320248,1.905396,1.121844,0.320816,16.707964,5.029252,3.374755,1.080329,0.619375,4.269668,4.197076,1.839130,1.166004,0.378799,4,4,4,4,4,4,4,4,4,4,4,4,4,4
1545658528.723523,3.227561,3.980162,1.441071,1.223809,0.365739,4.014016,5.946712,1.519379,1.106389,0.472402,3.555943,2.824767,1.207346,1.525753,0.389266,3.956654,4.681121,1.062047,1.152502,0.530282,2.896829,3.258824,0.878830,0.807764,0.544200,3.690353,2.578271,0.856450,0.813933,0.371421,4.113338,3.440810,1.181012,0.943222,0.722468,5.028363,3.151928,1.641294,0.715648,0.608656,6.344163,4.048205,2.351310,1.074291,0.638771,4.185227,3.355157,1.928162,1.070207,0.697202,4.931174,4.749072,1.896725,0.908113,0.463779,2.597572,3.243288,1.647547,1.169609,0.312895,19.123225,5.241495,2.954211,1.087239,0.638345,3.901728,4.086859,1.629533,1.224640,0.383972,4,4,4,4,4,4,4,4,4,4,4,4,4,4
1545658528.850062,3.150405,3.456406,1.172441,1.235231,0.353973,3.495787,5.477289,1.293589,1.042805,0.464899,3.321740,2.494352,1.033672,1.602381,0.358498,3.603682,4.308256,0.911262,1.207295,0.482955,2.678763,2.892582,0.738053,0.793553,0.538111,3.819840,2.275297,0.714056,0.906729,0.339900,4.195542,2.784118,0.976091,1.033161,0.666496,5.248643,2.552391,1.201389,0.754305,0.609844,6.534475,3.407044,1.838848,1.050968,0.604632,4.229036,2.863938,1.552499,1.062039,0.708788,4.740922,4.219549,1.529821,0.946726,0.464919,2.429698,2.779840,1.342393,1.171296,0.294953,20.717746,5.126322,2.496764,1.085432,0.653906,3.352337,3.547148,1.412630,1.254581,0.379282,4,4,4,4,4,4,4,4,4,4,4,4,4,4
1545658528.976606,3.037558,2.723069,0.931375,1.190377,0.347826,3.008286,4.767233,1.136874,0.959452,0.466459,3.055908,1.986562,0.951121,1.594389,0.328492,3.192650,3.713704,0.820964,1.203079,0.460520,2.485623,2.457194,0.661385,0.771320,0.522772,3.739739,1.913777,0.623800,1.002122,0.340693,4.007885,2.102241,0.847782,1.152305,0.683591,4.958490,1.932576,0.787216,0.837017,0.630011,6.040778,2.651342,1.336911,1.055917,0.595498,3.940130,2.345177,1.163110,1.044002,0.724027,4.332376,3.343036,1.224899,0.961516,0.469275,2.233700,2.078986,1.074192,1.118922,0.271913,20.810801,4.647723,2.125761,1.069930,0.662346,2.744440,2.747383,1.261344,1.236622,0.362727,4,4,4,4,4,4,4,4,4,4,4,4,4,4
1545658529.103156,2.843716,1.998061,0.804109,1.087421,0.342646,2.578879,4.007724,1.109993,0.845318,0.479366,2.793873,1.461347,0.970414,1.484648,0.299169,2.797101,3.058742,0.832905,1.145891,0.459332,2.303619,2.050861,0.702879,0.737198,0.501083,3.460170,1.588969,0.612919,1.066966,0.370842,3.615213,1.555384,0.850560,1.259503,0.754378,4.269692,1.452292,0.506505,0.929472,0.653223,5.005808,2.000075,0.974411,1.070698,0.602651,3.434492,1.942661,0.865624,1.009287,0.726800,3.808993,2.387722,1.061304,0.943117,0.474286,2.050854,1.364444,0.906909,1.027000,0.250311,19.690206,3.962685,1.928906,1.042005,0.660484,2.180436,1.923478,1.215321,1.166971,0.335963,4,4,4,4,4,4,4,4,4,4,4,4,4,4
1545658529.229711,2.546721,1.454630,0.817331,0.943502,0.334652,2.226872,3.348219,1.199414,0.702793,0.500435,2.527114,1.052340,1.055736,1.291755,0.270704,2.431218,2.483445,0.935642,1.060437,0.471612,2.117125,1.727986,0.865755,0.687866,0.475047,3.017339,1.340678,0.673133,1.073128,0.416072,3.111165,1.212360,0.983319,1.320991,0.838754,3.376218,1.170624,0.393475,0.990674,0.660268,3.700285,1.572885,0.798505,1.073127,0.610360,2.868878,1.702934,0.709779,0.956346,0.706485,3.267940,1.606022,1.051301,0.899156,0.475782,1.906156,0.830543,0.854889,0.921659,0.234990,18.107799,3.291950,1.906677,1.002291,0.647168,1.724232,1.282573,1.261131,1.058246,0.303281,4,4,4,4,4,4,4,4,4,4,4,4,4,4
1545658529.356274,2.183938,1.149777,0.937627,0.790557,0.322952,2.044012,2.832676,1.335184,0.559451,0.522506,2.278583,0.809166,1.152603,1.063846,0.244575,2.167446,2.051164,1.082928,0.982569,0.487813,1.971562,1.496953,1.108287,0.632461,0.447978,2.566891,1.164936,0.771238,1.016397,0.458010,2.670116,1.071959,1.191047,1.325775,0.896149,2.554354,1.035883,0.415961,0.991549,0.641052,2.530605,1.350193,0.779773,1.044986,0.607417,2.435517,1.565279,0.692084,0.888257,0.663813,2.809261,1.130416,1.148654,0.848466,0.471192,1.801204,0.558945,0.891434,0.829883,0.228817,17.057829,2.831430,2.004872,0.954022,0.626151,1.416956,0.914743,1.354391,0.935578,0.270658,4,4,4,4,4,4,4,4,4,4,4,4,4,4
1545658529.482840,1.878336,1.040842,1.081451,0.665523,0.309978,2.207489,2.448906,1.427251,0.465776,0.539036,2.083063,0.695638,1.208833,0.860454,0.224121,2.099608,1.757674,1.209921,0.946027,0.500678,1.940315,1.348018,1.350807,0.596450,0.426050,2.297314,1.049199,0.871324,0.921098,0.482181,2.540430,1.091465,1.386598,1.287174,0.903605,2.077573,0.950805,0.511317,0.930374,0.600459,1.877236,1.234705,0.848294,0.984451,0.594475,2.311334,1.433839,0.769047,0.812415,0.611078,2.586777,0.966278,1.280004,0.812021,0.460380,1.766849,0.509650,0.964356,0.770550,0.232599,17.116067,2.712891,2.142910,0.906197,0.604664,1.351847,0.788574,1.436249,0.827867,0.244338,4,4,4,4,4,4,4,4,4,4,4,4,4,4
1545658529.609411,1.728058,1.035571,1.168494,0.598480,0.300124,2.677226,2.178075,1.417986,0.474714,0.549474,1.950690,0.643001,1.197979,0.728193,0.214046,2.210283,1.569963,1.272184,0.967172,0.506570,1.996998,1.273564,1.511043,0.608091,0.415862,2.219981,0.993943,0.947198,0.829041,0.484435,2.736657,1.240315,1.508931,1.237917,0.862018,1.958337,0.854426,0.626184,0.838406,0.553887,1.777687,1.156444,0.935166,0.912221,0.582525,2.528932,1.284768,0.884469,0.740351,0.565360,2.610522,1.025135,1.378761,0.805521,0.446807,1.736387,0.574724,1.022954,0.749350,0.245918,18.112130,2.898348,2.252810,0.871260,0.588836,1.504397,0.804073,1.460328,0.758046,0.229002,4,4,4,4,4,4,4,4,4,4,4,4,4,4
1545658529.735991,1.787071,1.035500,1.168828,0.600729,0.297051,3.392005,1.991916,1.332596,0.607797,0.557017,1.903203,0.589061,1.125680,0.682162,0.218391,2.425353,1.434404,1.271699,1.037080,0.504788,2.084168,1.243525,1.537908,0.674435,0.417095,2.289312,0.980553,0.976665,0.774726,0.468419,3.141990,1.499952,1.523175,1.207417,0.789422,2.180628,0.729189,0.725608,0.767695,0.518454,2.209600,1.092951,1.011543,0.859306,0.585123,3.030138,1.166264,1.006111,0.683811,0.540113,2.947039,1.192489,1.418426,0.834490,0.438017,1.759680,0.650049,1.044582,0.761269,0.267266,19.869633,3.190605,2.286045,0.861529,0.581436,1.928600,0.863925,1.409187,0.734273,0.227322,4,4,4,4,4,4,4,4,4,4,4,4,4,4
1545658529.862572,2.020686,1.013454,1.107135,0.660319,0.303792,4.050379,1.862872,1.246560,0.838202,0.567736,1.910619,0.538015,1.022603,0.704031,0.240118,2.592433,1.311149,1.248146,1.132123,0.499815,2.090781,1.227604,1.439392,0.779060,0.425125,2.334928,0.986040,0.957806,0.775709,0.445853,3.629013,1.885489,1.449214,1.215748,0.718687,2.531352,0.612546,0.827914,0.768959,0.504903,2.877064,1.070504,1.101249,0.853659,0.607229,3.656256,1.155963,1.123342,0.654608,0.538475,3.606946,1.432446,1.409961,0.898365,0.442751,1.844989,0.718898,1.031320,0.793688,0.295017,22.388031,3.422382,2.216647,0.887865,0.581688,2.544825,0.965633,1.295526,0.746617,0.240935,4,4,4,4,4,4,4,4,4,4,4,4,4,4
1545658529.989160,2.491027,1.031129,1.037554,0.756900,0.321120,4.557017,1.746307,1.240960,1.098651,0.586489,2.030245,0.539364,0.925772,0.764818,0.279327,2.659442,1.183176,1.243682,1.237448,0.498022,1.996850,1.194096,1.263595,0.893129,0.434056,2.295202,0.985733,0.903182,0.828885,0.429453,3.986726,2.397334,1.332999,1.267536,0.684067,2.981264,0.573300,0.966774,0.868648,0.510401,3.675458,1.132999,1.246055,0.912456,0.639145,4.278480,1.303736,1.232281,0.665866,0.551748,4.643176,1.782246,1.392662,0.999293,0.465491,2.126756,0.839022,0.998258,0.839984,0.326588,25.939115,3.537327,2.050334,0.961425,0.584742,3.533040,1.198141,1.150293,0.780634,0.268940,4,4,4,4,4,4,4,4,4,4,4,4,4,4
1545658530.115756,3.254117,1.217470,1.023942,0.867158,0.347213,4.741156,1.624438,1.365791,1.309664,0.613542,2.263970,0.665519,0.868422,0.838824,0.332273,2.586203,1.090708,1.282984,1.349835,0.504980,1.798346,1.129947,1.081978,0.983020,0.437872,2.133159,1.000358,0.851789,0.907344,0.424634,4.176045,3.029704,1.274930,1.339414,0.702694,3.353861,0.692479,1.174967,1.050127,0.522451,4.344972,1.317093,1.473032,1.028450,0.662488,4.726842,1.615109,1.339054,0.721305,0.566648,6.054737,2.316133,1.417240,1.127479,0.503382,2.648508,1.102823,0.975188,0.895981,0.358658,30.932775,3.619162,1.828720,1.074075,0.584381,4.829926,1.687986,1.023256,0.821048,0.307179,4,4,4,4,4,4,4,4,4,4,4,4,4,4
1545658530.242353,4.399601,1.662452,1.119635,0.973548,0.378665,4.748326,1.514836,1.638279,1.413219,0.642551,2.722677,0.952709,0.881799,0.913977,0.393380,2.568973,1.172903,1.382096,1.471447,0.525371,1.569942,1.050361,0.973377,1.022149,0.431008,1.934405,1.057885,0.861788,0.973410,0.428761,4.206686,3.720102,1.377727,1.393472,0.766847,3.672585,1.005090,1.450084,1.259897,0.529114,4.893135,1.600232,1.783523,1.172794,0.662547,5.015200,2.003551,1.464561,0.812495,0.573619,7.771247,3.044849,1.534360,1.257094,0.545216,3.481142,1.558312,1.010553,0.957348,0.387219,37.163936,3.762818,1.653501,1.199172,0.576911,6.451631,2.482524,0.979911,0.857520,0.348980,4,4,4,4,4,4,4,4,4,4,4,4,4,4
1545658530.368955,5.725536,2.351960,1.323406,1.060105,0.411336,4.529912,1.486583,2.013972,1.396191,0.664484,3.261645,1.378848,0.968749,0.981157,0.457497,2.871648,1.581975,1.552493,1.593692,0.563247,1.364309,1.013787,0.974360,0.998787,0.412646,1.750257,1.192660,0.963501,0.996697,0.434892,4.079830,4.341985,1.647914,1.395570,0.849313,3.792738,1.474741,1.726315,1.425505,0.525630,5.112327,1.921465,2.110929,1.299599,0.638817,5.003209,2.348953,1.602972,0.913885,0.571987,9.413271,3.887852,1.733116,1.353193,0.575983,4.441281,2.168352,1.126676,1.013334,0.408623,43.620211,4.133254,1.598517,1.300676,0.563068,7.936339,3.477225,1.046641,0.881565,0.387153,4,4,4,4,4,4,4,4,4,4,4,4,4,4
1545658530.495565,7.085675,3.145463,1.572472,1.109920,0.442756,4.321417,1.575896,2.379366,1.286883,0.675077,3.848529,1.855855,1.092291,1.026558,0.521654,3.712043,2.338936,1.774033,1.688094,0.620408,1.233605,1.076102,1.047857,0.920633,0.390150,1.704161,1.402021,1.126537,0.968011,0.438928,3.925389,4.756161,1.988074,1.330768,0.920857,3.801317,2.000517,1.902349,1.487357,0.517353,5.102424,2.203513,2.339693,1.363284,0.605989,4.833548,2.558608,1.708774,0.990233,0.566464,10.639595,4.713178,1.933043,1.381589,0.584871,5.379805,2.809076,1.296741,1.047225,0.421378,48.540046,4.681549,1.654990,1.347980,0.546587,9.150903,4.459558,1.188340,0.882342,0.417991,4,4,4,4,4,4,4,4,4,4,4,4,4,4
1545658530.622176,8.147744,3.807072,1.770322,1.110019,0.472482,4.068681,1.769943,2.597136,1.139298,0.675803,4.264974,2.250857,1.190975,1.035746,0.585423,5.043523,3.306438,2.005727,1.718533,0.694199,1.189635,1.272207,1.122485,0.809991,0.373387,1.806946,1.652046,1.291373,0.899765,0.440394,3.750260,4.929710,2.267560,1.206739,0.961350,3.761841,2.470244,1.901409,1.424938,0.516560,4.961196,2.387508,2.374432,1.337421,0.585128,4.648388,2.589754,1.729736,1.014159,0.562219,11.285482,5.336234,2.033374,1.326788,0.571012,6.047432,3.297576,1.452798,1.043041,0.427383,50.275046,5.204828,1.751971,1.328246,0.532163,9.816745,5.151860,1.321476,0.853207,0.444083,4,4,4,4,4,4,4,4,4,4,4,4,4,4
1545658530.748693,8.664635,4.138388,1.833100,1.055698,0.499792,3.817054,2.001234,2.570838,1.004133,0.669880,4.381123,2.451286,1.213088,1.001904,0.647225,6.516501,4.226012,2.181972,1.658981,0.772616,1.187551,1.581182,1.133745,0.690771,0.367768,2.017984,1.884407,1.400556,0.812474,0.440451,3.701919,4.924295,2.387243,1.043445,0.965933,3.773345,2.791216,1.702771,1.256907,0.536662,4.847695,2.452869,2.181652,1.220028,0.592068,4.596692,2.462079,1.630990,0.974724,0.563198,11.181081,5.600569,1.964879,1.195990,0.544124,6.221951,3.488119,1.518585,0.992224,0.430235,47.873933,5.446107,1.799247,1.244474,0.522609,9.873198,5.352691,1.363089,0.795018,0.470850,4,4,4,4,4,4,4,4,4,4,4,4,4,4
1545658530.875116,8.549449,4.070146,1.731848,0.955193,0.522281,3.502428,2.183990,2.292455,0.909687,0.661365,4.122043,2.421537,1.136357,0.929008,0.699800,7.638679,4.819142,2.242121,1.508075,0.835291,1.219497,1.924469,1.060539,0.581494,0.371745,2.242925,2.032969,1.429928,0.725236,0.440142,3.591052,4.816568,2.317404,0.869682,0.943640,3.815068,2.910779,1.351371,1.036202,0.585744,4.807351,2.401073,1.803315,1.040046,0.629645,4.692566,2.232322,1.414117,0.882892,0.570933,10.490010,5.466665,1.725711,1.020567,0.519704,5.905478,3.350198,1.450823,0.902018,0.432656,41.835494,5.296363,1.749207,1.118280,0.518366,9.327036,5.038394,1.275157,0.719492,0.500918,4,4,4,4,4,4,4,4,4,4,4,4,4,4
1545658531.001344,7.727709,3.663813,1.497603,0.824635,0.537591,3.029803,2.269920,1.841989,0.851319,0.652228,3.550246,2.205869,0.980498,0.828441,0.731281,7.949405,4.934271,2.161542,1.291213,0.861904,1.220759,2.196965,0.930873,0.491436,0.379725,2.362767,2.055759,1.406893,0.649453,0.439155,3.464910,4.687792,2.112105,0.716444,0.910077,3.794415,2.864598,0.943520,0.825298,0.661686,4.773115,2.278245,1.340826,0.841062,0.688394,4.823000,1.973967,1.123710,0.762327,0.585864,9.277139,5.004426,1.375186,0.839340,0.512081,5.157025,2.972453,1.258669,0.788936,0.435152,33.521040,4.719541,1.597770,0.976263,0.518981,8.263562,4.351589,1.073018,0.641619,0.530675,4,4,4,4,4,4,4,4,4,4,4,4,4,4
1545658531.127474,6.431962,3.099393,1.210566,0.689003,0.546499,2.537124,2.309289,1.364474,0.808046,0.640937,2.914837,1.931657,0.806253,0.720469,0.732034,7.249148,4.595541,1.953884,1.053200,0.844042,1.250631,2.347123,0.803523,0.424696,0.386803,2.409534,2.005183,1.393415,0.589083,0.435675,3.257546,4.745605,1.927625,0.621057,0.883009,3.696952,2.794988,0.588142,0.666499,0.752648,4.731437,2.217911,0.913893,0.664506,0.754556,4.874593,1.804301,0.828026,0.639393,0.610764,7.901782,4.416811,1.018279,0.690525,0.529009,4.349365,2.551092,1.009854,0.676548,0.437121,25.767759,3.889273,1.385395,0.846882,0.524987,6.947043,3.543225,0.826139,0.579039,0.551620,4,4,4,4,4,4,4,4,4,4,4,4,4,4
1545658531.253610,4.887545,2.582560,0.991073,0.580027,0.553029,1.824013,2.366160,1.043680,0.765055,0.626463,2.245767,1.736003,0.714762,0.629369,0.701606,5.864029,3.972846,1.718573,0.843376,0.791710,1.218755,2.364276,0.761544,0.384909,0.391730,2.231565,1.956097,1.460905,0.542996,0.430175,2.953925,5.382584,2.079399,0.608577,0.876857,3.384199,2.846167,0.384177,0.569892,0.839398,4.471880,2.344826,0.643007,0.536731,0.819043,4.662514,1.812053,0.612495,0.537645,0.653125,6.479174,3.909678,0.782349,0.600278,0.568837,3.557406,2.268128,0.808542,0.586477,0.438931,20.274944,3.131346,1.185705,0.754892,0.540086,5.513018,2.849541,0.643335,0.551516,0.555968,4,4,4,4,4,4,4,4,4,4,4,4,4,4
1545658531.379851,3.673145,2.232040,0.960516,0.533307,0.562156,1.404371,2.474294,1.043796,0.729185,0.610670,1.956748,1.698547,0.805151,0.581983,0.651255,4.233407,3.304670,1.613785,0.705076,0.727388,1.309860,2.278086,0.886081,0.378336,0.395713,2.149353,1.959832,1.662717,0.515555,0.426663,3.156025,6.942677,2.859144,0.690578,0.897394,3.104769,3.072791,0.387416,0.530969,0.901226,4.286180,2.682191,0.621874,0.474124,0.882043,4.401506,1.990978,0.564719,0.480031,0.723142,5.472480,3.554611,0.773551,0.588142,0.622340,3.246090,2.186731,0.756361,0.540027,0.444318,18.635341,2.634606,1.088968,0.722731,0.570394,4.474625,2.371696,0.632912,0.582094,0.543303,4,4,4,4,4,4,4,4,4,4,4,4,4,4
1545658531.506297,2.864993,2.044992,1.149629,0.575353,0.577454,1.167664,2.608773,1.404549,0.721406,0.598406,1.873459,1.812437,1.091522,0.599696,0.599617,2.901425,2.780621,1.740937,0.660658,0.674965,1.432466,2.133847,1.188123,0.412819,0.400213,2.102485,2.017202,1.975682,0.519644,0.430384,4.110659,9.396068,4.301688,0.864534,0.939449,2.750477,3.401484,0.573739,0.550590,0.926350,4.005334,3.139573,0.852914,0.498276,0.949743,4.045892,2.267895,0.709197,0.499612,0.828253,4.805658,3.294678,1.000755,0.674132,0.680295,3.210047,2.240144,0.878346,0.557032,0.459169,20.002917,2.419116,1.139314,0.780442,0.621973,3.781092,2.074464,0.818923,0.691073,0.522821,4,4,4,4,4,4,4,4,4,4,4,4,4,4
